pagination,where,句,絞り込み,検索,組み合わせ
three,.,js,深度,テスト,バグ,もの,解消
mac,nginx,+,php,-,fpm,導入,際,手順
CD,/,DVD,デバイス,原因,ESXi,デプロイ,失敗,OVA,/,OVF,ファイル,修正,方法
パッケージ,Linux,パッケージ,yum,rpm,勉強
入門,Unix,for,OS,X
OS,X,10,.,10,Yosemite,Hoster,インストール,場合,対処,法
Python,None,リスト,要素,総和,方法
TestLink,構造,理解,ん
Mac,;,OS,X,Maverics,OpenJTalk,導入
rails,環境,Mysql,dyld,:,lazy,symbol,binding,failed,:,Symbol,not,found,エラー
Git,git,rm,--,cached,[,ファイル,名,]：,ファイル,管理,対象,除外
FLAG,_,ACTIVITY,_,REORDER,_,TO,_,FRONT,画面,遷移,とき,アニメーション,変更
配色,サイト
Faker,::,Internet,.,email,E,メールアドレス,生成
みんな,為,MySQL,６
動画,再生,SpriteKit,発想
gproc,(,Erlang,register,拡張,ライブラリ,)
dplyr,PostgreSQL,接続,簡単,#,rstatsj
Splinter,+,PhantomJS,headless,(,GUI,無し,),ブラウザ,挙動,制御
複数,Chrome,ウィンドウ,言語,設定,i,18,n,テスト,便利
Unity,Particle,LineRenderer,◯,め,はめ,波
github,鍵,登録
PHP,CSV,ファイル,アップ,ロード,(,配列,変換,)
CakePHP,日付,入力,フォーム,英語,日本語,方法
リンク,クリック,ファイル,ダウンロード,PHP
CakePHP,saveAll,時,注意,点
vim,使い方,まとめ
PSR,PHP,標準,コーディング,規約
laser,pointeur,vert
wget,使い方
JavaScript,new,new,再現
EBS,ボリューム,容量
Subversion,インストール
Packer,AMI,Serverspec,適用,確認
MySQL,まとめ,4
devise,ユーザー,登録,項目,追加
PSGI,.,cgi,プログラム,とき,shebang,注意
Redmine,履歴,付き,CSV,エクスポート,(,縦,)
CakeDC,Search,plugin,MySQL,server,version,for,the,right,syntax,to,use,near,',validateSearch,',at,line,1,時
Volley,+,oauth,-,signpost,POST,リクエスト
UIButton,同時,タップ,禁止,再帰,メソッド
ファイル,中身,クリップ,ボード,コピー
Image,replacement,2015,画像,置換
関数,合成,機械,的,試み
NAOqi,/,コレグラフ,API,モジュール,一覧
Linux,Tips
テンプレート,エンジン,jade,ect,エラー,つま,(,express,エラー,ハンドリング,)
RubyOnRails,チュートリアル,中,メモ
Ruby,block,Proc,lambda
Ruby,File,类的,`,expand,_,path,`,方法
spring,1,.,3,.,0,git,指定,gem,場合,対処,法
Linux,上,cakePHP,2,SQLServer,接続,とき,ベタープラクティス
abstract,Method
通,过,`,bundle,viz,`,来,生成,赖树,图
Python,コンパイラ,:,PL,/,0,パーサー
CakePHP,3,URL,リンク,方法
PHP,POST,やつ,JS,セレクト,ボックス,自動的,やつ
revel,go,get
[,Atom,Editor,],俺,設定,プラグ,イン
Markdown,記法,チートシート
Jenkins,Build,Flow,Mask,Password,利用
spork,NameError,:,uninitialized,constant,RSpec,::,Core,::,CommandLine,時,対処,法
QNAP,TS,-,220,初期,ユーザ,パスワード
iOS,Developer,Enterprise,Program,In,-,House,配布,エラー
concrete,5,site,.,php,設定,値
Kibana,4,Visualize
Block,化,進化,UIAlertView
Pow,http,://,app,-,name,.,dev,よう,URL,アクセス,This,webpage,is,not,available,場合,解決,策
Android,Bluetooth,HAL,Interfaces,概要,編
HTTP,POST,データ,tcpdump,キャプチャ
スマホ,用,クール,アップ,ローダー
画像,css,白黒,マウス,オーバー,カラー
大事,こと,現状,Swift,Optimization,Level,NONE,の,安全
VirtualBox,インストール,後,VMware,上,仮想,マシン,ネットワーク,接続,場合,対策
MQTT
Mogok,Push,時,アクセス,エラー
Ruby,tap,メソッド
package,.,el,導入,SKK
Node,.,js,管理,Homebrew,nodebrew
tmux,起動,exited
Ruby,block,_,given,?
VisualStudio,分析,機能
簡単,CMSampleBufferRef,UIImage,変換,420,v,OK
Sketch,生成,svg
Yeoman,ローカル,MEAN,環境,[,社内,共有,用,]
google,test,(,gtest,),たま,発生,エラー
OSX,C,言語,アプリ,mruby,経由,trusterd,HTTP,/,2,サーバ,機能,5,分,方法
要素,内,onclick,等,属性,関数,指定,際,イベント,取得,方法
Ruby,inject,メソッド
イテレーション,(,or,週,次,),ミーティング,何,曜日,の
Android,Studio,プロジェクト,全,ファイル,フォーマット,整形
SQL,インジェクション,対策,真面目,時代
全角,数字,半角,数字,変換,お,手軽,方法
R,データ,フレーム,データ,修正
MySQL,まとめ,3
Apache,:,ModSecurity,メモ,リンク
NetBeans,コンパイル,前,lombok,有効,方法
R,データ,フレーム,行,追加
R,データ,フレーム,列,追加
電子,回路,>,オープンドレイン
scope,ActiveSupport,::,Concern,利用,共通,化
Atom,導入,利用,パッケージ,メモ
息,よう,プルリク,ため,6,Git,使い方
JSX,ブラウザ,ユニット,テスト,実行
embulk,サンプルプラグイン,実行
Vagrant,/,etc,/,hosts,系,プラグ,イン
プルアップ,抵抗,解説
口,の,面倒,あいさつ,君
サイト,移転,際,.,htaccess,301,リダイレクト
Capybara,Selenium,Google,検索,サンプル,コード
Laravel,5,インストール,方法,ディレクトリ,構成
Excel,向け,CSV,ダウンロード,機能,簡単,追加
#,if,Conditional
enforce,物理,演算,スプライト
フォーム,文字,列,post,際,問題
IP,ヘッダ,理解
Linux,mozc,設定,画面,とき
xubuntu,Line,方法,備忘録
MongoDB,ドキュメント,自動,削除,二つ,方法
Xamarin,.,Forms,CallMethodAction,Behavior,代用
Android,開発,1,日,目,libs,フォルダ
Interactive,Extensions,(,Ix,),Memoize,仕事
ディジタル,フィルタ,作り方
mocha,-,phantomjs,テスト
bootstrap,-,sass,ため,Sass,Compass,導入
RSpec,3,.,2,Capypara,undefined,method,`,visit,時
MySQL,ユーザ,管理,雑,メモ
Raspberry,Pi,GlassFish,メモ
VisualStudio,Plugin,作成,簡単,(,)
モナド,勉強,こと,整理
MongoDB,3,.,0,アナウンス,要約,所感
_.,reduce,階層,プロパティ,アクセス
Skype,Slack,の
FreeBSD,10,.,1,-,RELEASE,KDE,4,インストール
Java,8,StreamAPI
Bourbon,Neat,汎用,グリッド,作成
CentOS,6,.,6,php,5,.,5,インストール
Kinect,V,2,vvvv
便利,alias,設定
bash,複数,拡張,子,変更,alias
(,Docker,+,Sinatra,),AWS,Elastic,Beanstalk,デプロイ,(,デプロイ,)
C,#,クラス,インスタンス,初期,化
Approach,on,how,to,display,parent,',s,child,and,grandchildren
Vagrant,Ansible
C,言語,バイナリ,データ
(,Docker,+,Sinatra,),AWS,Elastic,Beanstalk,デプロイ,(,初期,化,)
Rails,Bootstrap,デザイン,適用
Nitrous,.,io,使用,Ruby,バージョン,変更
開発,環境,用,メール,サーバ,構築,方法,Postfix,+,dovecot,)
Immutant,+,Liberator,+,Reagent,Web,サービス,素振り
CocProxy,Node,.,js,版
CentOS,6,.,6,Tomcat,8,Pacemaker,1,.,1,冗長,化
ImageButton,画像,クリック,ごと
プログラミング,言語,別,市場,ニーズ,調査,法,①,～,情報,源,Paiza
VLC,on,WPF
Node,-,RED,on,Docker,-,Part,2,:,MQTT,ブローカー,Mosca
Awesome,Rails
React,宣言,的,サーバー,通信
Toolbar,13,行,SearchView,実装
Haxe,WebRTC
BigQuery,streaming,insert,ログ,欠損
PHP,複数,ファイル,ダウンロード
AWS,自分,用,メモ,2,(,ELB,/,RDS,)
Ubuntu,Ubuntu,LAMP,環境,構築
RubyMine,同名,プロジェクト,方法
JavaEE,使い方,メモ,JPA,２,-,マッピング
JavaEE,使い方,メモ,JPA,１,-,基本
VIM,+,ag
こと,<,del,>,</,del,><,ins,>,</,ins,>,Tuple,編
静的,web,サイト,s,3,お,引っ越し
MongoDB,接続,時,対応,法
20,行,端末,版,vim,縦,分割,スクロール,高速,化,設定
Yahoo,!,ショッピング,商品,画像,アップ,ロード,API,InternalServerError,(,500,)
70,年代,ダイオード,研究,父,半導体,2,コト
Android,Studio,起動,失敗
Harmony,JavaScript,普通
Rails,4,.,2,+,Grape,0,.,1,+,Doorkeeper,2,.,1
Raspberry,PI,2,Snappy,Ubuntu,Core,インストール,最初,こと
ノン,デザイナー,デザイン,基礎,資料,紹介
Gentoo,emerge,括弧,付き,マスク,方法
Twitter,新,機能,動画,投稿,ツイート,動画,URL,JSON,抽出,動画,ダウンロード
sidekiq,安全
Jenkins,登録,アカウント,全員,メールアドレス,取得
RaspberryPi,2,node,.,js,インストール
CentOS,6,.,6,Linux,-,HA,DRBD,構築,手順,め
複数,データベース,migration,管理,gem,｢,banana,｣
Python,import
Ruby,Twitter,SSL,件,Windows,)
[,デザイナー,向け,],オープン,ソース,DAM,システム,ResourceSpace
アジャイル,時間,管理,術,ポモドーロテクニック,入門,内容,&,感想
Rails,4,+,devise,+,paranoia,退会,ユーザー,論理,削除,簡単,実現
CSS,コダワリ,選手権
CentOS,6,.,6,Linux,-,HA,Pacemaker,Oracle,起動,停止,制御
CentOS,6,.,6,Linux,-,HA,DRBD,上,Oracle,データベース,構築
RedPen
Substance,Painter,使い方,(,4,),テクスチャ,エクスポート,編
勘違い,mod,_,rewrite,[,QSA,],フラグ,仕様
NSTask,経由,scala,スクリプト,実行,(,プログラミング,学習,用,アプリ,)
tableView,中,tableView,入れ子,方法
Data,.,Aeson,複数,バージョン,JSON,小手先,テクニック
十字,壁,世界,中,君,螺旋,状,(,規則,性,Python,/,Ruby,/,C,/,C,#/,Java,)
十字,壁,世界,中,君,螺旋,状,(,規則,性,D,/,Go,/,Swift,/,PHP,)
十字,壁,世界,中,君,螺旋,状,(,シミュレーション,)
PHP,モダン,開発,環境,紹介
swift,勉強,事,２,tupple,",",dynamictype
逆,演算,可能,性
Vim,JSX,(,React,),シンタックス,ハイライト,設定
Re,:,VIEW,計画,私案
コミット,時,対処,法
PEAR,インストール,方法
iframe,中身,直接アクセス,回避
PHP,ファイルアップロードサイズ,上限,値,変更
CakePHP,users,プラグ,イン,DB,テーブル,部分,的
composer,Plugin,中身,時,対処,法
pyenv,-,virtualenv,使い方,まとめ
chkconfig,自動,起動,設定
ELB,アクセス,ログ,よう
javascript,連想,配列,配列,違い
jQuery,ajax,(),利用,値,とき,やり方
iframe,子,要素,取得,とき,contents,()
クリック,フォーム,submit,テキスト,リンク
保存,版,正規,表現,エスケープ,必要,文字,一覧,表
scp,コマンド,サーバー,上,ファイル,or,ディレクトリ,ローカル
CakePHP,2,ラジオ,ボタン,縦,並び
CakePHP,2,サイト,RSS,リーダー,対応
Mac,空き,容量,こと,方法
CakePHP,任意,ディレクトリ,下,ファイル,一覧,取得
オレオレ,gulp,.,js,覚書
PHP,任意,ディレクトリ,下,ファイル,一覧,取得,方法
クーロン,(,cron,)
シェル,スクリプト,基礎,知識,まとめ
シェル,スクリプト
コマンド,履歴,検索,[,ctrl,+,r,]
CakePHP,2,自作,コンポーネント,こと
Android,Code,Style,オレオレ,設定,脱却
PHP,CakePHP,セッション,保持,時間,設定
CakePHP,TreeBehavior,カテゴリ,一覧,表示
vagrant,share,vagrant,開発,環境,ホスティング,HTTP,アクセス,よう
S,3,ファイル,フォルダ,ごと,一括,アップ,ロード
他人,トピック,ブランチ,PULL
CakePHP,内,メソッド,シェル,コンソール,実行
mod,_,rewrite,直接,サーバ,上,ファイル
非,エンジニア,ため,Git,(,バージョン,管理,ツール,),使い方
Mockito,SpringBatch,テスト,Tasklet,編
Hadoop,擬似,分散,モード,設定
Hadoop,擬似,分散,モード,設定
特権,コンテナ,作成
Python,zip,(,),3,以上,シーケンス,オブジェクト,ループ,～,４つ,テスト,成功,件
EC,2,SSH,接続,Permission,denied,(,publickey,),時,対処,法
sed,上書き,保存,場合,注意
動的,追加,要素,click,イベント,設定,方法
パスワードリマインダー,カスタム,バリデーション,設定
Swift,配列,ビルド,時,Segmentation,fault,11,解決,法
Varagnt,環境,CentOS,6,.,6,Oracle,XE,(,11,g,Release,2,),導入
DCC,ツール
LXC,1,.,1,バックアップ,リストア,あと,CentOS,7,動作,レポ
Laravel,Master,クラス,作成
Python,+,PyQuery,スクレイピング
Raspberry,PI,温度,湿度,センサー,Ruby
誰,得,HAProxy,frontend,無効,有効,スクリプト
RaspberryPi,VPN,サーバー,構築,(,IPSec,/,L,2,TP,Raspbian,編,)[,WIP,]
angular,template,background,-,image,template,自体,再,不思議
Substance,Painter,使い方,(,3,),背景,入れ替え,編
We,made,rumin,!!
Substance,Painter,使い方,(,2,),ペイント,編
Substance,Painter,使い方,(,1,),はじめ,編
LXC,bridge,接続
IPython,Notebook,スライド,(,無理やり,),pdf,化,方法
Twitter,30,秒,動画,撮影,機能,(,video,.,twimg,.,com,),iphone,アプリ,現状,仕様,まとめ
Pepper,カメラ,映像,ライブ,配信,実験,3,(,整理,)
コマンド,ライン,ブランチ,変更,すべて,ファイル,vim,一,発
ELB,ヘルスチェックアクセス,出力,アクセス,ログ,fluentd,メモ
Ruby,多次元,配列,最初,要素,加工,(,tap,/,break,等,)
superstatic,-,AngularJS,Node,簡易,サーバ
Xamarin,Studio,svn,コンフリクト,解決,方法,(,未,解決,)
ウィンスリー,要件,定義
OS,X,Yosemite,10,.,10,ツール,インストール
デバッグ,用,Docker,バイナリ,Docker,内,GDB,実行
[,baserCMS,],ユーザー,別,アクセス,制限,設定,調整,とき
[,baserCMS,],アップ,ローダ,有効,化,アップ,ローダ,側,JS,SyntaxError,場合
Python,DB,:,DBI,cursor,理解
AdMob,Not,enough,space,to,show,ad,.,広告,表示
[,MQL,4,],DST,(,サマータイム,),判定
Python,NULL,n,.,a,",",N,.,A,",",空欄,数値,データ,リスト,数値,要素,パーセント,表示,それ,以外,要素,もと,値,まま,出力,リスト,コード,例
Ricty,インストール,MAC,yosemite
Linux,直下,ディレクトリー,使用,量
Python,リスト,内包,表記,if,～,else,～,方法
管理,者,権限,メモ,帳,起動
$_,関数,型,Perl
Django,フォーム,Validation,good,practice
从零,创建,一,个,gem
lolipop,python,日本語,表示,方法
セキュリティ,エンジニア,向け,マテリアル
AWS,Classic,Link,ネットワーク,パフォーマンス,netperf,簡単,計測
Windows,用,パッケージ,管理,ソフト,Chocolatey,神
ネイティブアプリ,開発,サイト
PreferenceActivity,区切り,線,色,方法
RStudio,shinyapps,.,io,簡単,デプロイ,よう,件,#,rstatsj
scalaz,-,Task
セキュリティ,エンジニア,向け,ツール,Linux,編
helm,-,buffers,-,list,helm,-,migemo
CentOS,7,PHP,5,.,6,インストール
PHP,ファイル,Javascprit,コンソール,デバック,とき
cloudinary,multiple,fileupload,field
CircleCI,heroku,preboot,設定,自動
GitHub,Compare,View,URLs,比較,対象,SHA,1,抽出
bash,>,1,目,以外,引数,全部,変数,取得,>,echo,$@,|,sed,"""",s,/$,1,//,g,""""
bash,>,文字,列,1,行,目,追加,>,sed,-,i,',1,s,/^/,line,to,insert,\,n,/',test,.,txt
golang,-,goclipse,環境,設定,メモ
_.,forEach,CoffeeScript,とき,注意,点
Eclipse,エディタ,出現,箇所,強調,目
Steve,Awodey,著,Category,Theory,1,.,4,Examples,of,Categories,2
Node,-,RED,on,Docker,-,Part,1,:,インストール
why,-,run,時,execute,リソース,コマンド,実行
雰囲気,メガネ,Python,制御
Play,Framework,2,.,3,.,7,コトハジメ
VirtualBox,VM,毎,ポートフォワーディング,設定,一覧,表示
AutoReleasePool,CrashOfApplication
Eclipse,ビルドパス,プラグ,イン,依存,関係,解決,場合,対処
JUnit,ExternalResource,クラス,継承,クラス,中,Spring,Boot,Java,Configuration,クラス,定義,DataSource,Bean,インジェクション
Javascript,on,Go
安全,スレッド,実装,為,これ,意識,事
jQuery,JSON,データ
Twitter,動画,投稿,機能,(,video,.,twimg,.,com,),投稿,動画,URL,JSON,取得,よう
cocoapods,使用,環境,synx
FuelPHP,format,クラス,改行,判定
クライアントアプリ,アクセストークン,取得,方法
tmlib,.,js,ー,CanvasElement,tweener,設定
sublime,text,3,ショートカット,(,Mac,)
LevelDB,設計,ドキュメント,和訳
why,-,run,時,ruby,_,block,リソース,実行
みんな,為,MySQL,５
Windows,開発,環境,セットアップ
Rails,+,Grape,+,API,Key,認証
gulp,watch,コマンド,ファイル,追加,検知,場合,対,処方
RSA,公開,鍵,ファイル,形式,fingerprint
PHP,in,_,array,罠,注意,喚起,必要
Unity,エディタ,上,Game,ビュー,スクリーン,ショット,Editor,拡張
pepper,tablet,件
vim,様,クリップ,ボード,コピー,よう
みんな,為,MySQL,４
Rails,Footnotes,Web,アプリ,快適,開発
まとめ,Ext,JS,とき,サイト,等
YAHOO,API,(,ストア,カテゴリ,参照,API,),カテゴリー,以下,商品,コード,取得
mac,python
用,NSAttributedString,在,文字,行,中,加入,圖片
多分,東邦,随一,Ix,Async
AWS,Lambda,SQS,コンシューマ
gentoo,emerge,--,sync,git
NSImage,/,UIImage,ビットマップデータ
Mac,OSX,Yosemite,10,.,10,.,2,Beacon,化,方法
実,テ,未,Pepper,ちゃん,ら,入力,キーボード,装備
BeagleBone,Black,HP,Chromebook,11,USB,接続
みんな,為,MySQL,３
.,vimrc
1,100,奇数,平方,合
僕,Gulp,Plugin,node,.,js,モジュール,一覧
命令,型,プログラミング,夜明け,配列,編
Git,コミット,メッセージ,テンプレート,化
Fedora,21,nginx,導入
HP,Chromebook,11,Ubuntu,14,.,04,.,1,Xfce,インストール
测试,中,怎么,stub,外部,服,务
CI,Docker,イメージ,上,テスト,場合,Coveralls,設定
おれ,おれ,コール,バック,設計
Raspberry,Pi,ArchARM,インストール
Android,YouTube,サムネイル,アス,比,表示,｡
sloppy,mode
Docker,新鮮,バイナリ
アホ,みたい,Web,MIDI,API,ラッパー
Wikipedia,API,PHP
Chromebook,OCaml
Storyboard,上,フォント,一撃,もと,全,置換
vagrant,up,時,shared,folder,mount,エラー,発生
30,日,OS,自作,入門,1,日,目,ブータブル,CD,ブートセクタ
ArchLinux,インストール,スクリプト
xNormal,導入
Learning,Ansible
プロパティシート,便利,書き方
Twitter,gem,5,.,13,.,0,Twitter,Video,API,対応,ため,GitHub,ブランチ,bundle,install,暫定,対応
Wine,CD,-,DA,アプリケーション,方法
OSX,Safari,proxy,.,pac,話
Switch,文,Object
PHP,array,_,filter,関数,ゼロ,方法
28,回,オフライン,リアルタイム,の,問題,Ruby
浮動,小数,曖昧,他,型,正確,比較
Regexp,.,union,正規,表現,結合
bash,>,複数,ファイル,2,列,目,平均,化,>,コメント,バージョン
scalaz,-,Future
Ionic,設定,メモ,[,sass,",",coffee,]
28,回,オフライン,リアルタイム,の,問題
React,0,.,13,.,0,-,beta,.,1,Component,ES,6,class,継承,mixin,理由
MySQL,レプリケーション,再,入門
Spring,Boot,+,Thymeleaf,サンプル,作成
Eclipse,プラグ,イン,Tomcat,Lancher,使用,場合,コンテキスト,定義,更新,(,Mac,)
RaspberryPi,2,Snappy,Ubuntu,Core,Docker,話
csv,_,wrap,(,std,::,cout,",",""","")",<<,1,<<,2,<<,3,;,1,",",2,",",3,出力
React,.,js,Rails,Scaffold,再現
JAWS,-,UG,さいたま,支部,５,回,勉強,会
Auto,Layout,端末,サイズ,View,サイズ,調整
Riot,.,js,ソース,コード,完全,解説
`,bundle,install,`,nokogiri,システム,libxml,2
Vagrant,CentOS,7,環境,構築,Web,ページ,エラー,とき
ソース,コード,中,絵文字,#,進捗,技術
Psr,7,不変,オブジェクト,感想
JavaScript,テスト
Docker,Rails,開発,環境,web,-,console
Vim,環境,設定,メモ
ransacker,Ransack,検索,拡張
PhoneGap,アプリ,ローカル,ファイル,削除
isomorphic,module,pattern
名前,ファイル,時,連,番,(,黒,魔術,風味,)
何,投稿,他人,投稿,コメント,投稿,記事,質,改善,言い方,もの,非難,アカウント,身,周り,の,文句,自分,投稿,空,記事,投稿
Puppet,Master,/,Agent,on,Debian,7,.,8
Django,:,INSTALLED,_,APPS,動的,変更,よう
iOS,開発,ZXing,連結,QR,コード,読み取り
django,OneToOneField,relation,先,モデル,related,_,name,引数,事
Room,ミーティング,ルーム,開放
Browserify,運用,bundle
Go,テンプレート,カスタム,関数,定義,メモ
Symfony,2,.,7,新,機能,-,Twig,ファースト,クラス,昇進
new,式,あれこれ,覚書
cocoapods,リポジトリ,修正
ATOM,プロジェクト,ごと,レイアウト,保存
群
[,JavaScript,],小,技,的,何
node,-,gamepad,使い方
android,アプリ,git,とき,android,studio,立ち,方
Picasso,WebView,内,画像,設定
是,"""",我,"""",还是,"""",你,"""?"
LiveScript
apache,python
個人,メモ,shell,連続,数列,xargs,コマンド,実行
[,Swift,],URL,スキーム,AppStore,レビュー,ページ,方法
php,上,コード,テキスト,表示
erlang,.,mk,Erlang,アプリケーション,リリース,作成
Pepper,タブレット,JavaScript,活用,コンテンツ,(,QiMessaging,JavaScript,)
本当,素人,UNITY,C,#,勉強,日記
PyCharm,事始め
awk,>,列,合計,>,awk,'{,for,(,i,=,1,;,i,<=,NF,;,i,++){,sum,+=$,i,};,print,sum,/,NF,}'
emacs,helm
bash,>,１つ,データ,複数,ファイル,平均
Eclipse,上,新規,プロジェクト,Github,Push,方法
(.,NET,),Parse,",",TryParse,罠
三,項,演算,子,ネスト
emacs,テーマ
powershell,Oracle,クエリ,実行
PHP,curl,Location,エラー
Steve,Awodey,著,Category,Theory,1,.,4,Examples,of,Categories
Xcode,Yosemite,pod,install,場合,対処,法
あなた,自分,身,ため,こと
bash,>,範囲,行,データ,列,分解,>,IFS,='\,n,',grep,awk,組合せ
Chrome,アプリ,screen,share,エラー,編
BIND,queries,ログ,Elasticsearch,保存
chef,include,_,recipe,レシピ,2,度,実行
selector,色,変化,方法
Hivemall,Matrix,Factorization
Android,Wear,モジュール,フレーバー,利用,方法
GCC,Intel,OpenMP,Runtime,Library,利用
Scala,.,js,v,0,.,6
iPhone,インストール,アプリ,リクエスト,データ
Slack,半,透明,手前,表示
現役,学生,将来,プログラマ,ため,Processing,#,3
転職,先,面接,官,退職
BIND,queries,ログ,InfluxDB,保存
WordPress,:,DB,直接,値,取得,方法,メモ
Adobe,AIR,iOS,出力,とき
マウス,オーバー,画像,拡大
gentoo,portage,tree,sync,git
球面,座標,カメラ,移動,回転,拡大,縮小,　[,初,記事,!]
enchant,.,js,tmlib,.,js,ゲーム,作成,フレーム,ワーク,enforce,スプライトサイズ
Sinatra,手軽,ログ,方法
質問,ヤフオク,API,全般,マイ,オークション,等,全,件,取得
学生,ゲーム,プログラミング
プッシュ,通知,課金,twitter,シェア,{{{,特急,実装,}}},話
Intel,Edison,時刻,systemd,-,timesyncd,",",timedatectl
Check,!,chocolatey,Azure,Windows,作業,環境
Angular,.,js,備忘録
JavaScript,テンプレート,エンジン,まとめ
NW,.,js,(,node,-,webkit,),開発
Swift,指定,位置,文字,列,置換
素人,arduino,水,機,未,完成,作成,中
ProGuard,カスタマイズ,必要,proguard,.,cfg,ファイル
2,台,Raspberry,Pi,無線,一,台,カメラ,撮影,映像,家,TV,フル,ハイビジョン,中継,遅延
自宅,PC,グローバル,IP,アドレス,変更,メール,通知
Vim,起動,オプション,ファイル,テンプレート,追記,挿入,モード,移行
shor,',s,algorithm,メモ
capybara,nokogiri,認証,サイト,ウェブスクレイピング
Rx,OpenCVSharp,顔,認識,簡単,作成
swift,指定,文字,列,位置,最後,検索
OpenGL,入門,メモ,glutDisplayFunc,(),class,内
fstab,OS,起動,時,対処,(,クラ,ウド,マシン,複製,時,)
EC,2,設定,メモ
indentLine,そこ,イケ,の
統計,学,代表,的,手法,実践,(,3,),続,・ロジスティック,回帰
EC,2,AWS,Linux,コマンド,集
PhoneGap,アプリ,Android,バック,ボタン,制御
UILabel,上下,左右,任意,枠,線
bash,各種,コマンド,編集,シェル,スクリプト
ポンコツ,archlinux,インストール,デスク,トップ,環境
Postfix,メール,キュー,操作
WordPress,:,Advanced,Custom,Field,フィールド,取得
Apple,Watch,アプリ,固有,設定,定義
NTP,/,UDP,port,fowarding,ネット,機器,NTP,同期
Vim,シェル,コマンド,実行
make,make
knife,-,solo,失敗,成功,道のり
Eclipse,一般,Java,project,Maven,project
DockerHub,GitBucket,イメージ,登録
JavaScript,モジュール,システム,歴史,現状
trusterd,リクエスト
近代,的,WindowsTips
SublimeLinter,任意,タイミング,実行
Twitter,gem,自分,Twitter,アプリ,制限,数
Go,by,Example,:,Recursion
cocos,2,d,-,x,Armature,シェーダ,反映
CDI,コンテナ,Seasar,2,コンポーネント,(,２,)
Go,by,Example,:,Closures
[,memo,],gulp,+,broserify,+,uglify
2015,/,02,/,06
AngularJS,E,2,E,テスト,用,バック,エンド,疑似,API,サーバ,構築,方法
Docker,wordpress,環境,構築
Ruby,再帰,的,構造,JSON,データ,パース,階層,よう,表示,サンプル,コード
JavaScript,使用,display,プロパティ,実装,メモ
Haskeller,ため,PureScript,こと,はじめ
標準,ライブラリ,csv,Missing,or,stray,quote,in,line,***
Edison,Intel,IoT,Platform,アクティベート,時,deviceToken,保存,場所
FileMaker,ボタン,これ,全,レコード,削除
Proxmox,ve,インストール,時,ディスク,性能
フィジカル,Web,アプリ,ん,すべて,公開,(,WIP,)
JavaScript,使用,バリテーション,実装,メモ
Vagrant,コマンド,メモ,:,global,-,status
Rails,指定,ID,順,取得
Jenkins,リモート,JOB,実行,際,500,エラー,(,java,.,lang,.,IllegalStateException,:,Form,too,large,),とき,対処
change,_,column,型,integer,boolean,変更,失敗,問題,解決,方法
Google,spreadsheets,Medium,目次,作成,支援
テスト,用,Linux,Subversion,最速,最低限,設定,稼働,方法
Ubuntu,rbenv,ruby,jruby,インストール,方法
Mac,OS,X,Mavericks,nokogiri,とき
直積,集合,二,項,演算
System,.,Net,.,HttpClient,Dispose,不要,の
ゴミ箱,ファイル,削除,Shift,+,Del
地理,データ,KML,ファイル,Ruby,TSV,変換
Ubuntu,14,.,04,LCD,さ,コマンド,ライン
面倒,git,tag,名前,付け,date,コマンド,解決
Attenda,-,Open,Source,Attendance,Management,Web,Application,-
Jubatus,記事,連動,広告,表示,話
Jubatus,facebook,不正,ログイン,検知,話,(,1,)
Jubatus,市区,町村,名,都道府県,予測,話
TypeScript,extends,注意,点
Grape,Swagger,ドキュメント,表示,問題
フリー,パーティション,管理,ソフト,ディスク,ドライブ,サイズ,変更,方法
rails,ゴール,ページ,直接,訪問,コンバージョン,ため,1,行
23,分,クッキング,:,awk,よう,もの
ssh,コマンド,実行,definitions
rsync,definitions
Mac,ディスプレイ,Raspberry,Pi,デスク,トップ,表示,とき,LXDE,タスク,バー,表示,制御,不能,時,対処
MySQL,まとめ,2
VS,git
一般,ユーザ,jq,コマンド,PATH,使い方
Rails,web,ページ,クロール,実装,時,サクッ,キャッシュ,方法
[,Contact,Form,7,4,.,1,],確認,用,メールアドレス,エラー,チェック,(,最新,版,対応,)
GCM,許可,対象,Android,アプリ,登録,Windows
ディレクトリ,内,すべて,ファイル,CRLF,LF,変換
windows,7,node,-,webkit
Rails,twilio,電話,発信,(,SMS,対象,外,)
[,CSS,],要素,上下,中央,IE,7,以下,対応
C,#,壁紙,カレンダー,作成
2,回,mixi,Android,Training,まとめ
qiita,>,空,行,git,検索,>,空
Docker,前,設定,こと
[,Swift,],モーション,センサー,イベント
FRP,的,XHR,処理,例
php,クラス,どこ,定義
OpenVz,docker,データ,移行,簡単
Google,Test,Google,C,++,Testing,Framework,ビルド
特定,条件,もの,抽出,テーブル,再,作成
NetBeans,8,.,0,.,2,日本語,入力,問題
SoftEther,DHCP,配布,ルーティング,簡単,更新,スクリプト
setup,go,-,lang,-,idea,-,plugin,for,gae,/,go
windows,ls,時
Lazy,Load,導入,スマ,ホ,画像,アクセス,負荷,所要,時間,５,分
Sublime,Text,2,応答,件
lodash,first,",",last,take,",",takeRight,それぞれ,機能,分割
Homebrew,possibly,undefined,macro,:,AM,_,PATH,_,XML,2,HTTP,/,2
mysqldump,definer,削除,コマンド
関数,コール,グラフ,>,www,.,mindmup,.,com
logcat,エラー
Enumerable,内,各,要素,出現,数,カウント
Activity,Context
innerText,(,textContent,)/,innerHTML,JavaScript,HTML,エスケープ
なん,検索,アプリ,起動
boot,2,docker,上,CentOS,7,systemd
Python,ETC,用,マスク,画像,ツール
マテリアルデザイン,～,Components,編,2,～
マイ,作業,標準
俺,シチューエーション,別,Ansible,チートシート
Lombok,Accessors,アノテーション,JSONIC,話
インフラ,エンジニア,MySQL,join,mysqldiff
引数,git,push
CentOS,5,.,11,32,bit,イメージ
RSpec,実行,Missing,helper,file,表示
1,対,多,モデル,FactoryGirl
DB,2,TIPS
PHP,5,.,5,.,0,未満,向け,パスワード,照合,方法
Python,指定,期首,日,～,期,末日,間,すべて,年月日,シーケンシャル,リスト,型,オブジェクト,方法
mac,mini,2014,(,FusionDrive,),ArchLinux,インストール
is,_,a,?,Check,_,Type,Array,要求,とき,to,_,a,可能,オブジェクト,to,_,a,(,)(*,)
UniRx,Photon,Cloud,RoomList,更新,監視
論理,学,考え方,LL,プログラミング,言語,obake
開発,時,DB,不正,レコード,こと,テスト
[,Emacs,],メタ,カラー,スキーム,solarized
Android,Wear,Mobile,メッセージ
Go,by,Example,:,Variadic,Functions
Go,by,Examples,:,Multiple,Return,Values
長編,ポエム,関数,型,言語,お前,Python,1,回,関数,関数,便利,編
OpenNAO,(,ver,1,系,),仮想,環境
Windows,robocopy,コマンド,メモ
Task,Dispose,不要,の
オレオレ,validate,撲滅
Ruby,便利,メソッド,まとめ,Array,Hash,Enumerator
15,分,TestFlight,TestFairy,移行,方法,今,3,ヶ月,無料
git,status,peco,ファイル,カーソル,位置,パス,挿入,zsh,widget
Eclipse,旧,ビルド,環境,構築,手順
ヤフオク,API,simplexml,エスケープ,質問
web,元,教え子,ちゃん,まとめ,＃,9,EC,-,CUBE
Spring,Boot,-,テスト,時,DB,変更
DWR,ファイル,アップ,ロード,方法
Ruby,Gold,勉強,法
javaScript,正規,表現,マッチ,シンプル,書き方
[,JavaScript,],ArrayBuffer
Facebook,シェア,ページ,キャッシュ,クリア
Ransack
coffee,selenium,準備
OS,X,Yosemite,NTFS,フォーマット,ディスク,よう
Mojo,停止,Python,Skype,監視
メール,Amazon,SNS,転送
PCL,point,cloud,中,点,ランダム
async,/,await,非同期,処理,例外,謎
javascript,extend,クラス,親,メソッド,コール
Lita,Plugin,いくつ,メモ
みんな,為,MySQL,２
PostgreSQL,9,.,4
Ruby,便利,そう,ライブラリ
(,)／{,cygwin,環境,zsh,",",端末,起動,時,cowsay,}
Riot,.,js,2,.,0,情報,まとめ
postgres,テーブル,所有,者,一括,変更
Swift,日時,文字,列,UNIX,時間,相互,変換,方法
[,Unity,],Unity,衝突,判定,まとめ
iOS,Memory,Warning,テスト
remote,_,directory,配置,ディレクトリ,配下,ファイル,権限
Android,Studio,beta,版,1,.,0,系,移行,for,mac
気,そう,カリー,化,理解,メモ,(,兼,計算,論,読書,メモ,)
git,rebase,基本,的,挙動,メモ
OpenCV,2,.,4,.,10,Viz,導入,Visual,Studio,2013,",",C,"++,",OpenCV,",",3,次元,点,群,処理
PostgreSQL,プランナ,テーブル,行,数,見積り
PhoneGap,サーバー,画像,音声,動画,ダウンロード,表示,再生
Rx,OpenCVSharp,使用,簡単,カメラキャプチャアプリ,作成
Android,Studio,２つ,module,間,共通,クラス,利用
Mac,Book,Pro,セットアップ,メモ
YEOMAN,yuidoc
みんな,為,MySQL,１
Meteor,利用,簡易,的,チャットアプリ,作成
AWS,チーム,開発,際,IAM,アカウント,設定,方法
#,PPx,タブ,パス,コピー,先,メニュー,表示
php,サクッ,ベンチマーク,関数
テンプレート,出力,日付,時刻,フォーマット,変更,方法
Spring,ローカル,開発,中,Gem
varnish,管理,コマンド
Bootstrap,Popover,アプリ,道案内
統計,学,代表,的,手法,実践,(,2,),ロジスティック,回帰
シェル,スクリプト,バイナリ
KnockoutJS,整形,数値,入力,方法
cpanm,intall
WA,デーモン,化
プログラム,流れ,データ,値,変数,プログラミング,入門,with,Groovy
fluentd,ec,2,ログ,s,3,メモ
Play,Cache,永続,化
find,コマンド,複雑,検索,条件,設定
既存,リポジトリ,GitHub,登録,(,proxy,越し,)
コード,コントロール,生成
HTTPS,手動,テスト,(,telnet,localhost,443,的,事,)
Drupal,閲覧,編集,権限,既存,モジュール,設定
Pydub,WAV,ファイル,合成
sublimetext,2,ショートカット,(,win,)
Python,CloudFront,サイン,付き,URL
Protractor,スクロール,関連,テスト
Sinopia,Private,npm,レポジトリ,作成,方法
Ruby,ファイル,作成,/,読込
VCCW,Wordpress,環境,構築
HashMap,#,values,並び,順,jdk,1,.,8,7
無料,Google,Earth,Pro,ジオコーディング,話
web,元,教え子,ちゃん,まとめ,＃,8,無料,サンプル,コード,技術評論社
SES,設定,方法
Ruby,勉強
数値,リスト,文字,列,変換
ロボット,pepper,ここ,Choregraphe,インストール,手順
apache,log,x,fluentd,x,datadog
python,シリアル,通信
Intel,Edison,初期,化,後,毎回,セット,アップ,作業,ひとまとめ
nmt,-,newt,-,listbox,.,c,:,333,:,update,_,active,_,internal,:,accertion,failed
Java,foreach
wp,-,cli,wp,-,cron,強制,的,発火
shell,$,1,スコープ,確認
IoT
AWS,Lambda,:,Publish,S,3,event,notifications,登録,とき,対応
试试,虚,拟主,机,的,计划,任,务
Docker,チュートリアル
コマンド,ライン,ブランチ,変更,すべて,ファイル,一,発
Option,型,get,ほう
[,PHP,],Facebook,",",Graph,API,GET,データ,ため,(,Tips,)
セキュリティ,グループ,仕様,比較,AWS,/,Azure
GAS,ドキュメント,対訳,:,Troubleshooting
実践,０,PowerAssert,テスト,RSpec,3
Ruby,s,nil,String,とき,s,.,to,_,s,s,||,'',どっち
multiprocess,起動,プロセス,ログ,取得
Java,エンジニア,Ubuntu,設定,プロ,キシ,設定,まとめ
素人,vpc,仮想,プライベートクラウド,public,private,サブ,ネット,環境
Log,4,j,2,syslog,出力
peco,git,コミット,ハッシュ,2,選択,diff,確認
集合,要素,写像,単,全
phpbrew,ダウンロード,失敗,自分,ー
web,元,教え子,ちゃん,まとめ,＃,7,無料,サンプル,コード
Premium,Storage
Ruby,ワン,ライナー,UUID,取得,方法
Genymotion,時,対応
指定,全て,要素,has,_,many,関連,先,条件,書き方
鍵,認証,ログイン,teraterm,マクロ
Swift,nil,判定
バグ,票
オンライン,ゲーム,ソーシャルゲーム,基礎,用語
DataTables,ソートアイコン,Font,Awesome
FacebookAPI,/,me,/,friends,友だち,一覧,空,原因
uGUI,Button,色,メモ
タスク,ランナー,時,ローカル,サーバー,シェル,スクリプト,メモ
Python,デスク,トップ,パス,取得
yum,旧,バージョン,パッケージ,一覧,表示
AWS,SNS,通知,AWS,もの,こと,確認
Windows,版,GnuPG,2,.,1,.,x
クラス,内,関数,ポインタ,渡し
WebSocket,便利,Framework,/,Library,まとめ,(,2015,年,2,月,調べ,)
リレーショナルデーターベース
iOS,Crashlytics,使い方,Fabric,版,テスター,配信,編
Eclipse,Java,ステップ,イン,実行,フィルター
Android,Waer,既存,プロジェクト,追加
rspec,shared,examples,let,宣言,変数,引数,とき
mbed,LPC,1768,デバッグ
2015,年,Azure,SaaS,クラ,ウド,技術,動向
四捨五入,仲間,たち
CI,docker,registry,プッシュ,とき,メモ
iOS,Crashlytics,使い方,Fabric,版,SDK,導入,編
MySQL,まとめ,１
Code,:,1,"""",Choregraphe,"""",NAO,くん
IntelliJ,Go,プラグ,イン,1,.,0,α
Eclipse,上,Android,NDK,プロジェクト,作成,方法
ドット,(.),S,3,バケット,gsutil,アクセス
PHP,歯,配列,字,連,番
SSL,証明,書,申請,時,Tips
CarrierWave,UPDATE,時,前回,アップ,ロード,画像,よう
linux,>,複数,ファイル,diff,>,diff,-,r,フォルダ,1,フォルダ,2
Atom,エディタ,スタイル,シート
[,MQL,4,],MT,4,Sharpe,Ratio
JSON,テンプレート,エンジン,node,.,js
投稿,テスト
PUTTY,自動,接続,/,ログイン,方法
Rails,ファイル,Ajax,送信
Beauty,of,Mathematics
iOS,Crashlytics,使い方,Fabric,版,アカウント,取得,編
Excel,複数,データ,抽出,メモ
iPython,notebook,LaTeX,変換
Unity,サウンド,管理,クラス,設計
linux,>,pthread,スタック,サイズ,>,10,MB,@,CentOS,6,.,5
Javascript,ユニット,テスト,Jasmine,+,Karma
ハッシュ,キー,ハイフン,場合
Photoshop,JS,複数,レイヤー,名,変更
キャスト,as
十,一,回,WebGL,スクール,キューブ,環境,マッピング
Android,Studio,Java,not,found,場合,対処,法
OpenCV,RGB,-,D,Odometry,(,Visual,Studio,2013,",",C,"++,",OpenCV,)
chef,最後,最後,リソース,実行
OS,イメージ,大,容量,Disk,さくら,クラ,ウド,パーティション,追加,マウント
ビルドターゲット,方
boot,2,docker,上,mosquitto,通信,wireshark
Ractive,.,js,画像,ギャラリー,(,ドラッグ,ドロップ,並び,替え,ファイル,読み込み,プラグ,イン,)
HTML,5,Test,.,com,ブラウザ,評価,際,注意,点
CSS,中央,寄せ,全体,コンテンツ,中央,寄せ,2,方法
スコープ,パフォーマンス,手軽,測定
intel,edison,用,mruby,Windows,クロス,コンパイル
Homebrew,Cask
date,コマンド,来月,1,日,取得,方法
GridView,固定,列,対応
我,爱骑,行,(,北,九州到东京,),1
pip,install,SVN,リビジョン,指定,場合
PPL,簡単,並列,プログラミング,Visual,Studio,2013,",",C,"++,",OpenCV,",",3,D,点,群,処理,",",Kinect
勉強,会,用,Jenkins,ユーザ,カンファレンス,2015,見どころ,まとめ
nmcli,wifi,設定
Go,言語,ConoHa,VPS,用,コマンドラインツール
仕事,中,通勤,中,テック,系,podcast,メモ
tmlib,.,js,③＝,３,マッチ,パズル
queue,:,work,--,daemon
iOS,app,ビルド,方法,(,Git,branches,vs,Build,Configurations,vs,Build,Targets,)
Thread,Task
SCP,クライアント,不要,TeraTerm,SCP,機能
Faker,使用,日本語,CSV,ダミー,ファイル,作成,方法
960,px,グリッド,とき,の,計算
gitignore,ファイル,無視
chkconfig,ラン,レベル
sort,+,ブロック,sort,_,by,+,ブロック
関連,モデル,条件,検索
Webview,内,tel,:,mailto,:,リンク,遷移,時,対応
(,)／{,GitHub,Issue,テンプレート,化,綺麗,Emoji,厨,実践,}
Mac,;,OS,X,Maverics,gcc,OpenJTalk,導入
Ruby,Flickr,API,画像,検索
OS,X,+,Android,SDK,Manager,設定,2,回,苦労
Numbers,",",Pages,ファイル,Excel,",",Word,変換
object,拡張,メソッド,定義,よう
Vagrant,CentOS,7,http,アクセス,時,こと
4,話,:,ノーファンクション・ノーハイオーダー
ドキュメント,コメント,型名,方法
JS,オレオレゲームエンジン
Toolbar,おしゃれ,ダイアログ
Android,用,Eclipse,プロジェクト,コマンド,ライン,ビルド
JavaScript,定期,アニメーション
JIT,お,勉強
intel,edison,用,Windows,クロス,コンパイル
Android,用,Unity,プロジェクト,起動,アクティビティ,変更
双方向,パス,トレーシング
アプリ,内,購入
Swift,UIImage,方向,強制,的,変換
bash,コマンド,ライン,コメント,(#),使いみち
職場,よう,人,人,差
git,ロールプレイングゲーム
[,Blender,],オブジェクト,頂点,・,辺,面,選択,順序,取得,方法
Ruby,MatchData,#,named,_,captures
オブジェクト,指向,気,?[,ポリモーフィズム,],java
Ubuntu,security,update,自動的,適用
grep,peco,シェル,スクリプト
基本,話,:,変数,関数,節約,パフォーマンス,わけ
Android,Google,Places,API,周辺,コンビニ,探索,方法
stylus,ループ,方法
mysql,5,.,6,client,インストール,CentOS,6,.,6
最近,Web,開発,者,サービス
Mogok,DB,SQL,実行,方法
Mogok,こと,はじめ
Python,Redis,トランザクション,こと
hitSuji,\,View,クラス
hitSuji,\,Router,クラス
あなた,WordPress,サイト,ローカル,ＰＣ
hitSuji,\,Request,クラス
[,翻訳,],Amazon,Cognito,OpenID,Connect,業界,標準,サポート,追加
完了,ハンドラ,n,回,非同期,テスト,用,ヘルパー,メソッド
function,(,e,)
PHP,5,.,3,不可能,配列,関数,処理,後,参照
Python,Redis,パイプ,ライニング
openssl,openssl,C,++,為,ビルド
hitSuji,\,Delegate,クラス
web,元,教え子,ちゃん,まとめ,＃,6,無料,サンプル,コード
Docker,Registry,構築,IDCF,クラ,ウド,ストレージ
統計,学,代表,的,手法,実践,(,1,)
設定,ファイル,バージョン,管理,ため,ブランチ,戦略
App,ビデオ,プレビュー,登録,You,havent,',t,made,any,changes,.　
GHOST,対応,ちゃ,けた,(,)
perl,Net,::,OpenSSH,リモート,サーバ,コマンド,バックグラウンド,起動
PHP,Vim,開発,var,_,dump,(),Vim,Plugin,vdebug
JavaScript,文字,列,パスカル,ケース,/,キャメルケース,スネークケース,変換
makefile,>,フォルダ,.,c,ファイル,名,取得,>,wildcard,使用
TiledMapEditor,同,レイヤー,複数,マップ,チップ,ステージ,作り
OSX,Yosemite,アップデート,Aptana,Studio,3,起動
confluence,>,@,マーク,入力
バージョン,比較,簡単,Ruby,/,PHP,/,Objective,-,C
Flex,FlashPro,swc,発生,不具合
oculus,dk,2,認識,...
Instagram,API,画像
PHP,未,定義,変数,プロパティ,アクセス,とき,エラーレベル,E,_,NOTICE
ActiveMerchant,1,.,46,.,0,OffsitePayments,gem,分割,注意
Tkinter,オープンディレクトリダイアログ,へん,ウィンドウ
Apache,Commons,HTTPClient,マルチスレッド,版,ほう
metaio,Tracking,Configuration,外部,ロード
~,日,前,表示
bash,行,ごと,処理
JIRA,プロジェクト,キー,ルール,調整
bash,行,番号,指定,行,取得
hitSuji,基底,クラス
Ruby,n,回,リトライ,処理,時
Rails,/,SNS,人気,順,記事,カウント,数,取得,保存,Facebook,/,Twitter,/,Pocket,/,/,Google,+
Ruby,Array,.,uniq,.,sort,.,sort,.,uniq
ディレクトリー,ファイル,方法
Paperclip,S,3,動画,アップ,ロード,FFMpeg,こと,絶望,Amazon,Elastic,Transcoder,利用
AmazonLinux,タイム,ゾーン,設定
ポート,番号,プロセス
scala,関数,定義,_
@,Html,.,BeginForm,(),３,(,４,?),引数,コントローラ,パラメタ,指定,無駄,件
Theme,.,Translucent,継承,Activity,背景,透過
ruby,中,的,alias,_,method,和,Rails,中,的,alias,_,method,_,chain
PHP,地図,空間,情報,DB,格納,Spatialite,苦労
NSBezierPath,点線,描画
Thunderbird,統合,受信,トレイ,RSS,フィード,新着,表示
UILabel,角,丸,or,パディング,UIButton,代用,テク
bash,>,行,>,head,tail,組合せ,>,コメント,改良,案
gulp,webpack,jquery,プラグ,イン,(,scrollmagic,tweenmax,等,),時,設定
Rails,field,_,with,_,errors,クラス,Bootstrap,3,適用
git,push,とき,エラー,2,弾
PyCharm,型,補完
Ruby,+,MeCab,Segmentation,fault,発生,場合,対処
EventEmitter,emit,高速,化
20,代,SourceTree,(,応答,),方
とこ,SSH,繋ぎ,とき,便利,やつ
MAC,vagrant,-,vbox,-,snapshot,プラグ,イン,ffi,(,1,.,9,.,6,),エラー

pdf,フォント,(,Mac,)
Can,',t,verify,CSRF,token,authenticity,対応
Gulp,Sass,監視,コンパイル,タイミング,チャット,ワーク,メッセージ
Remote,-,syslog,不要,ログ,方法
linux,>,実行,済み,コマンド,スクリプト,>,echo,!,1121,>,testcomp
Sublime,Text,2,>,ファイル,名,入力,補完,>,AutoFileName
linuxApp,>,事前,定義,済み,マクロ,>,#,ifdef,__,linux,__
Mysql,最後,更新,もの,取得,update,_,date,それ,利用,create,_,date,　⇒　,降順
Mac,AndroidStudio,インストール,方法
[,WebGL,],OrbitController,風,操作,実装
PowerShell,FTP,サーバ,ファイル,一覧
django,テンプレート,フィルター
Unity,2,D,Unity,2,D,ミニゲーム,チュートリアル,３,回
写経,PowerAssert,(,Rspec,3,),テスト,リファクタリング
Photoshop,JS,複数,選択,中,レイヤー,情報,取得
TikZ,gnuplot,グラフ,数式
UIImagePickerController,Photo,Stream,メモ,愚痴,もの
職業,プログラマ,素数,夢,?
enchant,.,js,tmlib,.,js,ゲーム,作成,フレーム,ワーク,enforce,チュートリアル,１,８,テキスト,ラベル
ps,kill,実行,中,プロセス,表示,強制,終了
通,过,HTTP,头缓,存,来,提,高,序,性能
WordPress,本,文中,タイマーショートコード
Espresso,2,.,0,Robolectric,併用,テスト,環境,作り方
object,拡張,メソッド,定義,大変,こと
Lombok,日本語,訳
Apache,手,内部,情報,モニタリング,方法,メモ
モナドトランスフォーマー,周辺
DotNetNuke,サイト,構築,-,3,サイト,設定
Lombok,使い方
Embulk,-,plugin,-,input,作り方
RxJS,ajax,GET,処理,IE,問題,対処
JSP,発生,問題
お,友だち,為,MacOsX,Lua,#,3
Special,folds,in,Powershell
Riot,.,js
Android,Auto
Ruby,2,.,2,.,0,インストール,(,CentOS,6,)
swift,勉強,事,１,subscript,",",property,observer
EXEC,_,BAD,_,ACCESS,対処,一つ
数,独,ソルバー
お,友だち,為,MacOsX,Lua,#,2
show,-,trailing,-,whitespace,便利,見栄え,こと
Susy,vs,Neat,-,Sass,グリッド,システム,対決
(,)／{,SublimeText,|,SublimeCodeIntel,plugin,快適,Ruby,コーディング,定義,ジャンプ,コード,補完,関数,呼び出し,ツール,チップ,}
Windows,再,セットアップ,メモ
Snappy,Ubuntu,Core,on,IDCF,クラ,ウド,-,Part,1,:,公式,OVA
Ruby,定番,対話,ツール,pry,徹底,攻略,|,The,command,system,#,pry,#,ruby
Dropwizard,0,.,8,.,0,-,rc,2,WebSocket,挑戦
jdk,中,java,.,exe,直接,指定,時
gulp,stylus,時,先頭,アンダー,バー,出力
部分,一致,日付,範囲,検索
我,爱骑,行,(,北,九州到东京,),0
Cisco,Catalyst,スイッチ,各,ポート,リンク,アップ,状態,+,VLAN,番号,表示,コマンド
日曜日,土曜日,カレンダー,823,年,ぶり
scout,linux
お,友だち,為,MacOsX,Lua,#,1
Ruby,Google,Drive,API,ファイル,一覧,取得,ファイルアップロード
Unity,UniRx,判定,時間
Numpy,画像,ダウン,サンプリング,際,スマート,記述,方法
お,友だち,為,MacOsX,BASIC,#,5,媒介,変数
Rails,検索,機能,こと
Cisco,Catalyst,スイッチ,ファン,温度,等,状態,+,CPU,使用,率,表示,コマンド
Rails,関連,モデル,一緒,clone,レコード,作成
(,)／{,levenshtein,gem,DroidKaigi,DanKogai,類似,度,測定,},#,ruby,#,droidkaigi
raspberry,Pi,OS,(,Raspbian,),ダウンロード
CentOS,6,MovableType,導入
Linux,マウス,カーソル,/,ポインタ,方法,まとめ
My,Karabiner,Configuration
S,3,画像,ファイル,Express,表示
Celery,ワークフローデザイン
Java,認証,必要,Proxy,サーバー,経由,HTTP,接続
[,Rails,],FactoryGirl,generate,random,users
Sensu,chef,/,puppet,セットアップ
topless,color,_,echo
Qiime,1,.,9
丈夫,CardBoard,作り方,2,号機
windows,カレンダーガジェット,作成,(,2,)
Virtual,Box,Virtual,Box,CentOS,6,.,6,-,32,bit,仮想,マシン
euc,-,jp,サイト,node,request,post,時,解決,事
[,Spree,],商品,管理,オプション,タイプ,追加,時,不具合
ls,-,l,時,@(,アットマーク,),パー,ミッション,所,時,カレント,ディレクトリ,以下,ワン,ライナー
heroku,セッション,保存,先,Redis
vagrant,Rails,4,.,2,接続
Rails,的,缓存,策略
Vim,シーン,IP,アドレス,ポート,番号
Git,マージ,基本,マージ,競合,競合,解決,マージ
Windows,MAME,/,MESS,ビルド
Windows,adb,コマンド,使用,際,注意
qiita,template
インストール,R,パッケージ,依存,関係,可視,化,#,rstatsj
Mac,スクリーンキャプチャ,機能,画像,保存,場所,変更
golang,string,[],byte,キャスト,メモリ,コピー,方法
AWS,CLI,複数,アカウント,アクセス,キー,管理,設定
Windows,7,Rails,ExecJS,TypeError,よう
PHP,フレーム,ワーク
Java,XSLT,處理
Microsoft,Translator,API
CocoaPods,インストール,ライブラリ,使用
Huizhou,puntatore,laser
量,ファイル,方法
mac,+,vagrant,/,vagrant,フォルダ,内,ファイル,大文字,小文字,区別
Riotjs,ところ
[,翻訳,],AWS,Mobile,SDK,for,Unity,開発,者,プレビュー,発表
PLY,ファイル,作成,方法,(,Visual,Studio,2013,",",Kinect,",",C,/,C,"++,",3,D,点,群,処理,)
ローカル,Rails,4,アプリ,iphone,アクセス
来年度,一緒,開発,君,意識,こと,リーダブルコード
Rails,interview
C,++,テンプレート,関数,覚書
IE,上,動作,JavaScript,Visual,Studio,デバッグ
SSL,証明,書,(,pfx,形式,),作成,メモ
Encrypt,-,then,-,MAC,",",MAC,-,then,-,Encrypt,",",Encrypt,-,and,-,MAC
政府,統計,窓口,(,eStat,),地域,メッシュ,Web,ブラウザ,表示,方法
Zabbix,Zabbix,イベント,ログ,監視
現在,時刻,秒,単位,表示
FPGA,エクストリーム・コンピューティング,6,回,#,fpgax
nokogiri,ビルド,rails,インストール,失敗
ChromeOS,(,ChromiumOS,),crosh,起動
ssh,オプション,(,物,)
CSV
Audio,MIDI,設定,ネットワーク,iPhone,認識,方法
自作,ローディングダイアログ
Check,!,Amazon,EC,2,Container,Service,Docker,！(,準備,編,)
コンソール,ケーブル,無し,YAMAHA,ルータ,RARP,IP
brew,コマンド,mecab,用,IPA,/,Juman,/,UniDic,辞書,インストール,方法
vim,Xslate,(,TTerse,),シンタックス,ハイライト,方法
Amazon,SNS,Invalid,parameter,:,JSON,must,contain,an,entry,for,',default,',or,',APNS,'.
AWS,SDK,for,PHP,自,ホスト,EIP,取得
x,10,GlobalRef,",",PlaceLocalHandle,使い方
getenv
Azure,ストレージ,毎,合計,サイズ,取得
Mackerel,監視,設定,メモ
evernote,>,テキスト,書式,削除,>,Ctrl,+,Space
a,タグ,無効,化,-,preventDefault,return,false,違い
ぷろぐらむを,実行
xinetd,ポートフォワーディング,nginx
clientY,PageY,違い
MongoDB,スロークエリー,方法,備忘録
Web,アプリケーション,ユーザー,認証,実装
DB,2,SQL,ステートメント,ログ,取得
Python,tail,-,f,もの
Confluence,バージョンアップ,(,5,.,7,)
API,アクセス,キー,Ruby,/,Rails,Redmine,REST,API,アクセス
Nginx,Apache,リバースプロキシ,TimeOut,時,HTTP,ステータス,違い
PL,/,SQL,テスト,データ,Insert
RockMotive,1,.,0,.,0,.,beta,1,変更,点
MAMP,MySQL,ターミナル,接続,方法
dplyr,PostgreSQL,Windows,組み合わせ,文字,化け
スタティック,ルート,覚書
環境,別,Classpath,指定,方法,一覧
Ubuntu,12,.,04,.,5,LTS,AOSP,ビルド,環境,構築,時,メモ
SSH,トンネル,SFTP,接続
AndroidStudio,+,JUnit,4,試行,錯誤,こと
tttt
windows,10,samba,共有,フォルダ,アクセス
Mobile,Chrome,Apps,iOS,アプリ
アプリ,開発,参考,UI,デザイン,パターン,まとめ,サイト,まとめ
GAS,ドキュメント,対訳,:,Collaborating,with,Other,Developers
コンソール,実行,中,プロセス,裏,コンソール,操作,可能
Unity,2,D,Unity,2,D,ミニゲーム,チュートリアル,２,回
CloudWatch,Jenkins,キュー,ジョブ,数,登録
ImageMagick,リサイズ
Drupal,マルチ,サイト,設定
Picasso,ActionBar,アイコン,Notification,",",AppWidget,内,画像,設定
Cloudfront,脆弱,性,テスト,負荷,テスト,実施,時,メモ
GAS,ドキュメント,対訳,:,Serve,HTML,as,a,Google,Docs,",",Sheets,",",or,Forms,user,interface,/,Scripts,Bound,to,Google,Sheets,",",Docs,",",or,Forms
[,Oculus,],WebVR,API
nmap,ポート,指定,チェック
エラー,対策,OSError,:,Command,"""",import,sys,",",pip,;,sys,...,d,"\""]",+,sys,.,argv,[,1,":]))""",setuptools,pip,failed,with,error,code,1
Python,Blender,mruby
PHP,ファイル,内,PHP,実行,方法
縮尺,1,:,1,ズーム,レベル,30
TUM,RGB,-,D,SLAM
enchant,.,js,tmlib,.,js,ゲーム,作成,フレーム,ワーク,enforce,チュートリアル,１,７,WebGL,モデル,表示
Riot,.,js,2,.,0,—,React,消耗,?
Re,:,VIEW,コード,ハイライト,改訂,案
Snappy,Ubuntu,Core,on,BeagleBone,Black,-,Part,1,:,インストール
Bootstrap,簡単,Web,フォント,FontAwesome,ソーシャルアイコンメモ
Twitter,ビデオ,投稿,機能,(,video,.,twimg,.,com,),投稿,動画,URL,API,取得,(,の,２月,以降
CentOS,6,mcrouter,ビルド,手順
OpenStack,Juno,CentOS,7,packstack,(,RDO,),インストール,Neutron,経由,外部,ネット,Ubuntu,VM,ローカル,マシン,SSH,接続,手順,メモ
[,Linux,],GNU,screen,コマンド,putty,",",CentOS,環境
[,C,",",C,++],インクルードガード,実装,毎,ベンチマーク
プログラミング,なに,Groovy,なに,プログラミング,入門,with,Groovy
Intel,VT,-,d,とき,対策
CSV,ファイル,ノイズ,行,除去,とき,役,awk,ワン,ライナー
oracle,メモ
:,Unite,neobundle,プラグ,イン,有効,無効,トグル
[,Rails,],SEO,対策,画像,alt,属性,絶対,ファイル,名,alt,属性
gatling,使い方
img,タグ,よう,スプライト
インストール,実行,プログラミング,入門,with,Groovy
sqlplus,カーソル,キー
プロビジョニングプロファイル,用,Quick,Look,プラグ,イン,ProvisionQL
検索,条件,フォーム,よう,テーブル,完全,同一,フォーム,form,_,for,実装
Swift,Optional,アプリ,使い方
Powershell,試し,コマンド,結果,変数,代入,の,面倒
GitHub,|,Command,Line,GitHub,操作,hub,基礎
capybara,+,Poltergeist,javascript,テスト
PHP,コード,.,htaccess
[,PhoneGap,],InAppBrowser,Database,.,com,認証,方法
Python,コード,C,++,98,移植,こと
プログラミング,入門,with,Groovy
さくら,レンタル,サーバ,s,3,cmd,導入
SSL,証明,書,有効,期限,確認,スクリプト
Kinect,v,2,利点,欠点,まとめ
CoffeeScript,サンドボックスパターン,実装,ファイル,分割,対応
redis,-,cli,使い方
LightTable,テーマ,一覧
Python,tail,-,f
Angular,Google,Maps,UI,Bootstrap,Tabs,地図,半分,レンダリング,問題,対策
Ember,.,js,ソース,コード,$(),メソッド,意味
Debian,8,Vagrant,box
Raspberry,Pi,Kinesis,データ,送信,fluentd,経由
Visual,Studio,Kivy,開発,環境
Qiita,内,圏,論,言及,エントリ,まとめ,(,4,)
Amon,2,CGI,アクセス
pkg,config,Homebrew,keg,-,only,ライブラリ,認識
sh,外部,コマンド,関数,よう
CircleCI,mecab,-,python,インストール
関数,型,プログラミング,ライブラリ,toolz
MacOSX,VPN,接続,コマンド,ライン,実行
特定,文字,データ,整列,表示
RSpec,要素,数,have,(,n,).,items
Windows,8,.,1,LuaTeX,/,LuaLaTeX
iOS,ガワネイティブ,Swift,データ
Ruby,1,.,8,Generator,.,new,中,Tempfile,.,open,(,ブロック,付き,),tempfile,削除,問題
Zabbix,蓄積,系,データ,初期,化
Apache,Derby,コマンドラインメモ
PHP,:,配列,添字,配列,同士,マージ
VirtualBox,4,.,3,.,20,Kernel,driver,not,installed,(,rc,=-,1908,)
Zabbix,トリガー,深刻,度,カスタマイズ
SSH,sudo
"""",評価,戦略,"""",勉強,こと,整理
Gradle,run,実行,時,Spring,ActiveProfile,設定
[,意見,募集,],Cocos,2,d,-,js,WebView,の
OSX,Parallels,Windows,アップ,グレード,際,autorun,.,dll,エラー,回避,方法
SVG,ループ,アニメーション,作り方
eclipse,git,-,bash,起動
Bootstrap,オートコンプリート
file,_,get,_,contents,(),HTTP,経由,データ,取得,エラー,とき
mydumper,debian,squeeze,パッケージ
Public,Cloud,Storage,/,CDN,SSL,通信,/,表
blockdiag,MacOSX,サクッ,インストール,それ,用,Docker,イメージ
PublicCloud,対比,表,(,AWS,/,Azure,/,GCP,/,Softlayer,)
CakePHP,フォーム,画像,ファイル,選択,後,サムネイル,画像,表示,方法
UIView,じん,わり,表示
iOS,ガワネイティブ,Swift,値
6,to,5,+,mocha,+,power,-,assert
Grunt,EC,2,sftp,ファイル,更新,たび,自動,デプロイ
git,強制,的,pull
退職,者,場合,JIRA,アカウント,無効,化
CentOS,6,.,6,phpenv,+,php,-,build,インストール
MongoDB,スキーマ,デザイン,時,3,ポイント
ブロック,戻り,値,書き方
jQuery,タッチイベント,座標,(,event,.,pageX,),時
CoreData,中身,手軽,確認,方法
Dockerfile,git,clone,際,キャッシュ,ADD,回避
Composer,Windows,手動,インストール
AWS,Error,Message,:,Signature,expired,表示,場合,対処
C,++,ラムダ,式,マクロ,経過,時間,手軽,測定
OPT,データ,サイエンス,コンペ
オーク,ション,API
CoffeeScript,条件,文,複数,行
Docker,Jenkins,環境
Rails,わる,新米,プログラマ,Rails,プロジェクト,作成,Web,アプリケーション,Heroku,デプロイ
tomcat,.,war,再,デプロイ,さっき,WEB,アプリ,404
検索,画面,RESTful,URL
google,-,drive,-,ruby,0,.,3,.,x,系,BadAuthentication,対応
FuelPHP,フォーム,必須,項目
[,JAWS,-,UG,CLI,],AWS,アカウント,(,root,),作業,#,3,請求,関連,設定
[,JAWS,-,UG,CLI,],AWS,アカウント,(,root,),作業,#,2,IAM,関連,設定
Mac,say,コマンド,man,朗読
Windows,8,.,1,HHKB,Professional,2,接続,Mac,的,よう,カスタマイズ
Bootstrap,2,3,カラー,変数,違い
Ubuntu,14,.,04,Rails,インストール,アプリケーション,作成
Pepper,ボックス,ライブラリ,テスト,考
Resource,ファイル,関連,クリーンアップ
RSpec,3,spec,/,support,内,ファイル
Django,REST,framework,フィルター,とき
使用,PC,マシン・スペック,確認,&,CPU,メモリ,負荷,状況,モニタリング,コマンド
Workspaces,クリップ,ボード,制御,方法
[,JAWS,-,UG,CLI,],AWS,アカウント,(,root,),作業,#,1,証跡,関連,設定
RSpec,3,Capybara,include
０,Ruby,RSpec,PowerAssert
Window,マシン,git,-,svn,Subversion,Git,移行,方法
node,.,js,Ruby,Windows,向け,フロント,エンド,開発,環境
充足,可能,性,問題,(,3,-,SAT,),乱,択,アルゴリズム,by,Julia
iPhone,6,サイズ,ペーパープロトタイピング,用,PDF,フォーマット
Restart,php,-,fpm,",",my,way
HTTP,プロ,キシ,設定,パラメータ,構成,ファイル,自動,検出
Sage,shell,モード,起動,R,ライブラリ,Python,モジュール,環境,構築
[,Android,],外部,API,結果,JSON,表示,簡単,例
Swift,ニョキ,SNS,ボタン
CentOS,6,初期,設定
PHP,Web,スクレイピング・ライブラリ,Goutte,phpQuery,比較
Jenkins,Workflow,plugin,ビルド,パラメータ,取得
DrawerLayout,タッチ,下,アイテム,タッチイベント,問題,対策,(,Map,)
Docker,内,Cron,Cannot,make,/,remove,an,entry,for,the,specified,session,時,対処,法,メモ
signal,_,>,入力,キー,シグナル,>,stty,-,a
[,Ubuntu,][,bash,],ログ,ファイル,中身,空
git,過去,コミット,修正
チャット,ワーク,API,タスク,自動,追加,ウェブページ,設置
nodejs,標準,出力,ttf,フォント,css,変換
Python,2,.,7,.,9,アップデート
UIButton,タイトル,変更,時,アニメーション,オフ,RubyMotion
git,patch,(,master,修正,内容,別,ブランチ,)
Git,master,ブランチ,編集,とき
ブレイクアウトボード,接続,方法
プロジェクト,内,Windows,フォーム,クラス,コピー,手順
Genymotion,su,root,端末,チェック,回避
カルマンフィルタ,一緒,kalman,.,h
カルマンフィルタ,一緒,i,2,C
カルマンフィルタ,ブレイクアウトボード,プログラム
逆,コンマ
Nokogiri,使用,クローラー,め
ngx,_,lua,コード,CLI,実行,resty,-,cli,超,便利,件
ngModel,Formatters,Parsers,使い方
Unity,2,D,Unity,2,D,ミニゲーム,チュートリアル,１,回
markdown,ベース,スタイルガイドジェネレーター,Styledown
SDWebImage,ダウンロード,処理,ネットワーク,ステータス,制御
実行,中,NSOperation,考慮,NSOperationQueue,キャンセル,実行
ソート,済み,NSArray,順番,データ,追加
デバイス,32,bit,の,64,bit,の,チェック
Vim,tmux,アプデ,再,起動,セッション,保存,復元,実現
tmux,tpm,plugin,管理,快適,ターミナル,生活
DNS,サーバ,構築,手順,(,BIND,9,.,10,.,1,-,P,1,外部,向け,権威,DNS,サーバ,構築,+,お,名前,.,com,取得,ドメイン,権威,DNS,サーバ,)
ありったけ,関数,合成,フィボナッチ,数
enchant,.,js,tmlib,.,js,ゲーム,作成,フレーム,ワーク,enforce,チュートリアル,１,６,効果,音,再生
Super,easy,project,planning,and,estimation
iciql,実現,SQL,DSL,JDBC,リファクタリング
PHP,Segmentation,Fault,Debug,練習
EmacsLisp,カレント,バッファ,更新,検知
zip,ファイル,ダウンロード,展開
文字,集合,文字,符号,化,方式
PHP,ログ,rsyslog,デスク,トップ,転送
TransmitMail,件名,入力,内容
オブジェクト,作成,日付,最終,変更,日付,確認
Objective,-,C,ソース,Swift,ため,手順
ユーザー,アカウント,状態,ロック,日付,確認
OpenVNet,Docker,デモ,L,2,延伸
初心者,シェル,スクリプト,書き方,メモ
Swift,NSDate,文字,列,変換,曜日
[,iOS,],UIWebView,ロード,HTML,iframe,src,パラメータ,追加
Spring,DI,AOP,簡潔,説明
[,初心者,向け,],Swift,ビュー,ジェスチャー,追加
BeagleBone,Black,ファームウェア,-,Part,5,:,SD,カード,Ubuntu,14,.,04,.,1,Windows,7,接続
CentOS,6,.,6,linuxbrew,nginx,インストール,壁
Android,SQLite,パフォーマンス,比較,(,DELETE,編,)
boot,2,docker,初心者,こと,マウント,関係
wercker,CI,bundle,-,install,時
sails,.,js,クライアントサイド,ブラウザ,js,Model,-,View,binding,(,ﾟｰﾟ,*,)(,ﾉ,*,ﾟｰﾟ,),ﾉ
MySQL,日時,ごと,集計,まとめ
swift,現在地,目的,地,経路,地図,表示
OSX,:,Terminal,新規,ssh,_,config,サーバー,ssh,接続
Three,.,js,WebGL,OpenGL,ES,三角形
Swift,イケ,UI,ライブラリ,たち
bindkey,-,v,(,),emacs,!
enum,列挙,モドキ,実現
Youtube,360,°,動画,Chrome,拡張,機能
HAProxy,HTTP,ヘッダ,操作,メモ,1,多段,Proxy,環境,接続,元,IP,オリジナル,HTTP,ヘッダ,挿入
UIAlertController,便利,ヘルパー,（.,Alert,限定
BeagleBone,Black,ファームウェア,-,Part,4,:,SD,カード,Ubuntu,14,.,04,.,1,OSX,接続
Haskell,入門,(,初級,2,)
Git,設定
wx,.,ProgressDialog,AUTO,_,HIDE,明示,的,Destroy,(),必要
コード
load,-,theme,トグル
HoloGraphLibrary,maven,レポジトリ,インストール
Tomcat,8,リモート,デバッグ,よう
無線,ステレオ,カメラ,映像,Oculus,Rift,ソース,コード
WordPress,テンプレート,タグ,生成,ＨＴＭＬ,クラス,方法
icomplete,-,mode,入力,完了,ため,コマンド
Python,機械,学習,ため,環境,構築,(,MacOS,X,)
Raspberry,-,Pi,Mac,SSH,モニタ,キーボード,セット,アップ
OSX,libc,libSystem,.,B,.,dylib,の
Unity,C,#,ソース,コード,日本語,リテラル,対策
jQueryUI,使用
iOS,ViewController,分割,とき,私的,パターン
Elm,MVU,:,自動,履歴,保存
Google,Cloud,Storage,AccessKey
Ransack,(,Rails,),複雑,AND,条件,OR,条件,方法
UIView
写真,ピンチ,操作,拡大,縮小
SoftLayer,NetScaler,Auto,Scale
Mac,キー,ロガー
JPA,エンティティ,ライフサイクル,テキスト
Kinect,v,2,KinectFusion,色,付き,3,次元,点,群,自己,位置,方法,Visual,Studio,2013,",",OpenCV,",",C,"++,",Kinect,v,2
Boot,2,Docker,with,Fig,on,Windows
LocalBroadcastManager,サービス,同期,通信
画面,遷移,際,下,ViewController,方法
Android,Auto,Designing
Wordpress,+,Heroku,+,PostgreSQL,+,Amazon,S,3,=,¥,0,/,無料,サイト,運営
Wordpress,+,Heroku,+,PostgreSQL,+,Amazon,S,3,=,¥,0,/,無料,サイト,運営
PlayFramework,アプリケーション,ログ,リクエスト,情報,出力
Java,Web,フレーム,ワーク,Spark,シンプル,ファイルダウンロードサーバー
fstab,自動,マウント,失敗,とき,デバグ,方法
Ubuntu,14,.,04,Ruby,on,Rails,事始め
Org,-,mode,notify,-,send,一,歩,スケジュール,管理
Play,Framework,206,Partial,Content
phpDocumentor,2,インストール,手順
AWS,SDK,for,Go,S,3,ファイルアップロード
wikipedia,redirect,データ,お,手軽,名寄せ,辞書,作成
Octopress,+,Github,Pages,無料,ブログ
Docker,Phabricator,ついで,Docker,Hub,Registry,登録
Photoshop,JS,差し替え,レベル,画像,処理,全,自動,化
td,-,agent,2,fluent,-,plugin,bundler,管理
Java,8,Rhino,エンジン,JavaScript,実行,準備
Unity,iOS,/,Android,用,ビルド,texture,表示,??
Docker,コンテナ,内,タスク,cron,起動
Pepper,カメラ,映像,ライブ,配信,実験,2
PostGIS,ラスタ,仕様
Android,touchmove,連続,的,取得,問題
スマホ,通用,Google,Maps,中心,Crosshair,配置,方法
BeagleBone,Black,ファームウェア,-,Part,3,:,SD,カード,Ubuntu,14,.,04,.,1,無線,LAN,設定
bundle,gem,cd,peco
S,3,操作
SipHash,メモ
UISearchBar,クリア,ボタン,表示,制御
git,管理,下,ファイル,内,文字,列,一括,置換,ワン,ライナー
PHP,改行,コード,削除
jenkins,とき,nginx,設定,メモ
2,月,カレンダー,4,行,7,列,年,スクリプト
Rails,フォロー,機能,実装
これ,納得,Apple,Developer,証明,書,関連,図,手順,書,超,簡易,版
Rake,タスク,実行,前,別,タスク,実行,書き方
javascript,"""",1,"""",==,true,true,理由
任意,単位,切り捨て,四捨五入
お,友だち,為,MacOsX,BASIC,#,4,サイン,カーブ
Magatama,.,js,リリース
今年,1,月,DCI,話
latexmk
Cordova,Gradle,iOS,Xcode,build,testFlight,!!!,日本語,プロジェクト,名,OK
Yosemite,(,Mac,OSX,10,.,10,.,1,),brew,install,phantomJS,crash,とき,対処,法
Common,Lisp,iterator,もどき
hubot,+,Twilio,社長
Gist,Clojure,公開
DNS,サーバ,構築,手順,(,BIND,9,.,10,.,1,-,P,1,ソース,インストール,+,内部,向け,DNS,キャッシュ,サーバ,構築,)
mruby,コード,時,対応
お,友だち,為,MacOsX,BASIC,#,3
お,友だち,為,MacOsX,BASIC,#,2
Rails,rake,db,:,xxx,コマンド,table,doesn,',t,exist,エラー,際,対処
Unity,+,iOS,MemoryWarning,発生,時,System,.,GC,Resources,.,Unload
./,activator,eclipse,エラー,とき
Forget,me,not,...
Ansible,タスク,Tips
テスト,用,ダミー,データ,例示,用,ドメイン,リンク
循環,複雑,度,測定,ツール,#,Golang
ワールド,ファイル,はなし
レイアウトファイル,簡単,方法
Travis,CI,自動,テスト
WinRT,(,Windows,Store,アプリ,),Async,/,Await,HTTP,Client,サンプル
Linux,-,シェルスクリプトメモ
お,友だち,為,MacOsX,BASIC,#,1
Markdown,スライド,ため,ツール,JavaFX
iptables,(,v,4,),初期,設定
Titanium,Migration
DataContractManager,オブジェクト,XML,Serialize
QGraphicsTextItem,任意,文字,座標,取得
enchant,.,js,tmlib,.,js,ゲーム,作成,フレーム,ワーク,enforce,チュートリアル,１,５,弾幕
[,Ruby,],配列,Block,評価,結果,最初,マッチ,要素,Array,#,find
GitLab,CE,Omnibus,バンドル,nginx,IP,アクセス,制限,機能
UITableViewCell,選択,色,Storyboard,上,設定
Leaflet,WebGIS
AWS,Route,53,逆,引き,ゾーン,正,引き,ゾーン,作成,手順
環境,クロージャ,効率,的,関数,型,プログラミング,言語,定義,実装,仕方,例,Haskell,実装,2
環境,クロージャ,効率,的,関数,型,プログラミング,言語,定義,実装,仕方,例,Haskell,実装
多次元,データ,複数,グラフ,地図,連携,表示,dc,.,js
テスト,投稿
BeagleBone,Black,ファームウェア,-,Part,2,:,SD,カード,Ubuntu,14,.,04,.,1,Putty,シリアル,接続
Windows,環境,Bitbucket,SSH,接続,方法
指定,日付,何,週,の
CLLocation,2,地点,間,中間,地点,座標
2,回,mixi,iOS,Training,まとめ
Rails,条件,検索
プロビジョニングツール,設定,ファイル,管理,方法
Perl,SQLite,UTF,8,自動的
[,Apache,][,小,ネタ,],特定,URL,Basic,認証
docker,メトリクス,fluentd,収集
64,ビット,モード,32,ビット,DLL
Youtube,用,Chrome,拡張,機能,際,注意,点,(,備忘録,)
GAE,/,Go,テスト,実行,ため,必要,こと
cd,コマンド,"""","""",機能,追加
Web,開発,時,スクリーン,ショット,証跡,取得,Chrome,+,Google,Drive,拡張,機能,便利
指定,日付,何,曜日,取得
ジェネリック,制約,new,(,x,)
hubot,-,scripts
Serverspec,コマンド,実行,エビデンス,取得
Winshot,紹介
自分,用,EC,2,向け,コマンド,ライン
php,ワン,ライナー
Python,継承,Abstract,Base,Class
Mock,化,クラス,ブレーク,ポイント,機能,場合,対応,策
デリゲート,引数,オーバー,ロード
kdump,EC,2,netconsole,活用,kernel,panic,時,stack,trace,取得
Redis,データ,バックアップ,方法
Compass,V,1,.,0,Cross,-,Browser,Support,Configuration,書式,確認
英語,圏,入力,チェック,エラーメッセージ
SAStruts,+,S,2,JDBC,+,SQLServer,指定,テーブル,IDENTITY,取得
BeagleBone,Black,ファームウェア,-,Part,1,:,Debian,7,.,5,Windows,7,作業,環境
openFileOutput,SD,カード,FileOutputStream
apk,ファイル,java,ソース,コード,よう
Vagrant,Python,3,インストール
Windows,IPython,実行,ショートカット,起動,時,設定
git,master,push,hook
#,PPx,タブ,Listfile,表示,インクリメンタルサーチ
golang,1,.,4,追加,testing,便利,機能,(,テスト,初期,化,お,)
カメラ,モード,せい,2,D,タッチ,操作,件
Azure,クラ,ウド,サービス,プロジェクト,テンプレート,作成
swift,Class,Struct,違い
Netbeans,デバッグ,機能,CakePHP
Chrome,スクロール,バー
AWS,API,ログ,フォーマット,変更
Android,5,.,0,`,Failure,[,INSTALL,_,FAILED,_,DUPLICATE,_,PERMISSION,perm,=,com,.,app,.,name,.,permission,.,C,2,D,_,MESSAGE,pkg,=,com,.,app,.,name,]`,表示,とき,対応
GCC,拡張,アセンブラ,構文
静的,ページ,動的,ページ,簡単,方法
初心者,プログラミング,文系,人間,ため,チュートリアル
Vagrant,Permission,Denied,系,エラー,場合,&,存在,はず,box,場合
Scala,例外,処理
test
乃木坂,46,公式,動画,youtube,アップ,自動,tweet
Vagrant,導入,メモ,～,仮想,マシン,接続
Spring,-,Session
モジュール,キャッシュ,コントロール
go,mobile,docker,ビルド
pillow,インストール
poderosa,マクロ,機能,ssh,接続
[,Unity,],モデル,マスク,ボックス,シェーダ
ICU,UTF,-,8,文字,列,1,文字
PHP,基礎,データベース
クリップ,ボード,履歴,管理,ソフト,Clibor,便利
URI,REST,アレ
Hugo,+,Github,Pages,+,Wercker,CI,=,¥,0,無料,コマンド,1,発,自動,化,サイト・ブログ,公開,運営,分析,収益,化
form,placeholder,色
Android,iOS,アプリバージョン,周り
Swift,ファイル,分割,後,エラー,ところ
関数,合成
アイコ,ン,の,楽,Android,Drawable,Importer,話
HTML,5,Conference,2015,参加,#,html,5,j
Effective,Ruby,catch,/,throw,product,/,find
Photoshop,JS,スマートオブジェクト・レイヤー
SoftLayer,Auto,Scale,Group,一覧,スクリプト
Plone,4,デプロイ,方法
raspberry,pi,git,最新,版
Mac,Startup,Manager,(,ブートメニュー,),アイコン,表示,方法
Mac,起動,音,オフ,方法
クラス,中,複数,メソッド
gitlab,7,.,7,.,x,アップデート,accept,merge,request,メール,送信
bc,>,8,.,0,三,乗,根,計算,>,e,(,1,/,3,*,l,(,8,.,0,))
ListView,カスタム,View,時,Adapter,更新,更新,用,メソッド,方
streaming,勘所,メモ
ゲーム,開発,クラス,基礎,設計
ターゲット,別,処理
ShinobiLayer,:,Bare,Metal,Server,RAID,構成,確認
Chrome,拡張,|,soku,_,qiita,-,即,|,Qiita,ユーザー,タグ,指定,検索,マウス,実行,#,chrome,_,extension
Blender,中,Python,環境,変数,参照
CircleCI,Playframework,プロジェクト,OOM,Killer,件
SSL,証明,書,有効,期限,確認,Windows
ICU,BreakIterator,書記,素,1
json,4,s,パースベストプラクティス
chefspec,ruby,_,block,内,テスト
chef,libraries,attributes,設定
rspec,3,stub,オリジナル
DotNetNuke,サイト,構築,-,2,DNN,ダウンロード,アップ,ロード,インストール
Git,|,Emoji,利用,Git,commit,フォーマット,一,例,#,git,#,emoji
空間,構造,ベイズ,モデル
Codeception,Mock,Facade,テスト,/,Using,Mock,to,test,Facade,with,Codeception,for,Laravel
話,IP,アドレス
Vim,シーン,全て,ソース,ファイル,uses,部,特定,モジュール,追加
Jenkins,Git,Plugin,リポジトリ,プッシュ,通知
BrowserSync,自,IP,サーバー,立ち,watch,reload,gulpfile
Mac,Rmagick,インストール
ssh,ポート,番号,変更,用,ワン,ライナー
ghcmod,:,ghc,-,mod,is,not,executable
elscreen,各,タブ,任意,バッファ,一括,設定
ソース,コード,ドキュメント,速攻,参照,ctrlp,-,quickref,.,vim
Vagrant,share,folder,時,NFS
Groovy,スクリプト,配布,1,方法
Example,02,:,ボタン,間,LED,点
DNS,キャッシュ,クリア
Rails,入門,今後,課題,メモ
jQuery,Bootstrap,CDN,(,Content,Delivery,Network,)
Debian,etch,lenny,GHOST,CVE,-,2015,-,0235,脆弱,性,対策
('%.,20,g,',%,1,.,001,r,).,to,_,r,!=,1,.,001,r
serverspec,package,リソース,rpm,コマンド,テスト
Knockout,.,js,img,タグ,src,属性,データバインド,時,アンチ,パターン
Rails,ISO,8601
tbpgr,利用,Chrome,Extension,一覧,#,chrome,_,extension
Scss,color,palette,管理,メモ
IROS,2014,Kinect,Challenge,優勝,RTAB,-,Map,実行
[,ERROR,],/,usr,/,libexec,/,mysqld,:,Incorrect,information,in,file,:,'./,hoge,/,hoge,.,frm,',復旧
iOS,TwitterKit,画像,投稿
